{"IcoMoonType":"selection","icons":[{"icon":{"paths":["M438.857 585.143v219.429c0 40-33.143 73.143-73.143 73.143h-292.571c-40 0-73.143-33.143-73.143-73.143v-219.429c0-40 33.143-73.143 73.143-73.143h292.571c40 0 73.143 33.143 73.143 73.143zM438.857 146.286v219.429c0 40-33.143 73.143-73.143 73.143h-292.571c-40 0-73.143-33.143-73.143-73.143v-219.429c0-40 33.143-73.143 73.143-73.143h292.571c40 0 73.143 33.143 73.143 73.143zM950.857 585.143v219.429c0 40-33.143 73.143-73.143 73.143h-292.571c-40 0-73.143-33.143-73.143-73.143v-219.429c0-40 33.143-73.143 73.143-73.143h292.571c40 0 73.143 33.143 73.143 73.143zM950.857 146.286v219.429c0 40-33.143 73.143-73.143 73.143h-292.571c-40 0-73.143-33.143-73.143-73.143v-219.429c0-40 33.143-73.143 73.143-73.143h292.571c40 0 73.143 33.143 73.143 73.143z"],"width":950.8571428571428,"attrs":[],"isMulticolor":false,"isMulticolor2":false,"tags":["th-large"],"defaultCode":61449,"grid":14},"attrs":[],"properties":{"name":"th-large","id":13,"order":22,"prevSize":28,"code":61449},"setIdx":0,"setId":2,"iconIdx":13},{"icon":{"paths":["M438.857 201.143v621.714c0 20-16.571 36.571-36.571 36.571-9.714 0-18.857-4-25.714-10.857l-190.286-190.286h-149.714c-20 0-36.571-16.571-36.571-36.571v-219.429c0-20 16.571-36.571 36.571-36.571h149.714l190.286-190.286c6.857-6.857 16-10.857 25.714-10.857 20 0 36.571 16.571 36.571 36.571z"],"width":438.85714285714283,"attrs":[],"isMulticolor":false,"isMulticolor2":false,"tags":["volume-off"],"defaultCode":61478,"grid":14},"attrs":[],"properties":{"name":"volume-off","id":39,"order":23,"prevSize":28,"code":61478},"setIdx":0,"setId":2,"iconIdx":39},{"icon":{"paths":["M438.857 201.143v621.714c0 20-16.571 36.571-36.571 36.571-9.714 0-18.857-4-25.714-10.857l-190.286-190.286h-149.714c-20 0-36.571-16.571-36.571-36.571v-219.429c0-20 16.571-36.571 36.571-36.571h149.714l190.286-190.286c6.857-6.857 16-10.857 25.714-10.857 20 0 36.571 16.571 36.571 36.571zM658.286 512c0 57.143-34.857 112.571-88.571 134.286-4.571 2.286-9.714 2.857-14.286 2.857-20 0-36.571-16-36.571-36.571 0-43.429 66.286-31.429 66.286-100.571s-66.286-57.143-66.286-100.571c0-20.571 16.571-36.571 36.571-36.571 4.571 0 9.714 0.571 14.286 2.857 53.714 21.143 88.571 77.143 88.571 134.286z"],"width":658.2857142857142,"attrs":[],"isMulticolor":false,"isMulticolor2":false,"tags":["volume-down"],"defaultCode":61479,"grid":14},"attrs":[],"properties":{"name":"volume-down","id":40,"order":19,"prevSize":28,"code":61479},"setIdx":0,"setId":2,"iconIdx":40},{"icon":{"paths":["M438.857 201.143v621.714c0 20-16.571 36.571-36.571 36.571-9.714 0-18.857-4-25.714-10.857l-190.286-190.286h-149.714c-20 0-36.571-16.571-36.571-36.571v-219.429c0-20 16.571-36.571 36.571-36.571h149.714l190.286-190.286c6.857-6.857 16-10.857 25.714-10.857 20 0 36.571 16.571 36.571 36.571zM658.286 512c0 57.143-34.857 112.571-88.571 134.286-4.571 2.286-9.714 2.857-14.286 2.857-20 0-36.571-16-36.571-36.571 0-43.429 66.286-31.429 66.286-100.571s-66.286-57.143-66.286-100.571c0-20.571 16.571-36.571 36.571-36.571 4.571 0 9.714 0.571 14.286 2.857 53.714 21.143 88.571 77.143 88.571 134.286zM804.571 512c0 116-69.714 224-177.143 269.143-4.571 1.714-9.714 2.857-14.286 2.857-20.571 0-37.143-16.571-37.143-36.571 0-16 9.143-26.857 22.286-33.714 15.429-8 29.714-14.857 43.429-25.143 56.571-41.143 89.714-106.857 89.714-176.571s-33.143-135.429-89.714-176.571c-13.714-10.286-28-17.143-43.429-25.143-13.143-6.857-22.286-17.714-22.286-33.714 0-20 16.571-36.571 36.571-36.571 5.143 0 10.286 1.143 14.857 2.857 107.429 45.143 177.143 153.143 177.143 269.143zM950.857 512c0 175.429-104.571 334.286-265.714 403.429-4.571 1.714-9.714 2.857-14.857 2.857-20 0-36.571-16.571-36.571-36.571 0-16.571 8.571-25.714 22.286-33.714 8-4.571 17.143-7.429 25.714-12 16-8.571 32-18.286 46.857-29.143 93.714-69.143 149.143-178.286 149.143-294.857s-55.429-225.714-149.143-294.857c-14.857-10.857-30.857-20.571-46.857-29.143-8.571-4.571-17.714-7.429-25.714-12-13.714-8-22.286-17.143-22.286-33.714 0-20 16.571-36.571 36.571-36.571 5.143 0 10.286 1.143 14.857 2.857 161.143 69.143 265.714 228 265.714 403.429z"],"width":950.8571428571428,"attrs":[],"isMulticolor":false,"isMulticolor2":false,"tags":["volume-up"],"defaultCode":61480,"grid":14},"attrs":[],"properties":{"name":"volume-up","id":41,"order":20,"prevSize":28,"code":61480},"setIdx":0,"setId":2,"iconIdx":41},{"icon":{"paths":["M925.143 80.571c14.286-14.286 25.714-9.143 25.714 10.857v841.143c0 20-11.429 25.143-25.714 10.857l-405.714-405.714c-3.429-3.429-5.714-6.857-7.429-10.857v405.714c0 20-11.429 25.143-25.714 10.857l-405.714-405.714c-14.286-14.286-14.286-37.143 0-51.429l405.714-405.714c14.286-14.286 25.714-9.143 25.714 10.857v405.714c1.714-4 4-7.429 7.429-10.857z"],"width":1017.1245714285715,"attrs":[],"isMulticolor":false,"isMulticolor2":false,"tags":["backward"],"defaultCode":61514,"grid":14},"attrs":[],"properties":{"name":"backward","id":74,"order":6,"prevSize":28,"code":61514},"setIdx":0,"setId":2,"iconIdx":74},{"icon":{"paths":["M790.857 529.714l-758.857 421.714c-17.714 9.714-32 1.143-32-18.857v-841.143c0-20 14.286-28.571 32-18.857l758.857 421.714c17.714 9.714 17.714 25.714 0 35.429z"],"width":808.5942857142857,"attrs":[],"isMulticolor":false,"isMulticolor2":false,"tags":["play"],"defaultCode":61515,"grid":14},"attrs":[],"properties":{"name":"play","id":75,"order":2,"prevSize":28,"code":61515},"setIdx":0,"setId":2,"iconIdx":75},{"icon":{"paths":["M877.714 109.714v804.571c0 20-16.571 36.571-36.571 36.571h-292.571c-20 0-36.571-16.571-36.571-36.571v-804.571c0-20 16.571-36.571 36.571-36.571h292.571c20 0 36.571 16.571 36.571 36.571zM365.714 109.714v804.571c0 20-16.571 36.571-36.571 36.571h-292.571c-20 0-36.571-16.571-36.571-36.571v-804.571c0-20 16.571-36.571 36.571-36.571h292.571c20 0 36.571 16.571 36.571 36.571z"],"width":877.7142857142857,"attrs":[],"isMulticolor":false,"isMulticolor2":false,"tags":["pause"],"defaultCode":61516,"grid":14},"attrs":[],"properties":{"name":"pause","id":76,"order":7,"prevSize":28,"code":61516},"setIdx":0,"setId":2,"iconIdx":76},{"icon":{"paths":["M877.714 109.714v804.571c0 20-16.571 36.571-36.571 36.571h-804.571c-20 0-36.571-16.571-36.571-36.571v-804.571c0-20 16.571-36.571 36.571-36.571h804.571c20 0 36.571 16.571 36.571 36.571z"],"width":877.7142857142857,"attrs":[],"isMulticolor":false,"isMulticolor2":false,"tags":["stop"],"defaultCode":61517,"grid":14},"attrs":[],"properties":{"name":"stop","id":77,"order":4,"prevSize":28,"code":61517},"setIdx":0,"setId":2,"iconIdx":77},{"icon":{"paths":["M25.714 943.429c-14.286 14.286-25.714 9.143-25.714-10.857v-841.143c0-20 11.429-25.143 25.714-10.857l405.714 405.714c3.429 3.429 5.714 6.857 7.429 10.857v-405.714c0-20 11.429-25.143 25.714-10.857l405.714 405.714c14.286 14.286 14.286 37.143 0 51.429l-405.714 405.714c-14.286 14.286-25.714 9.143-25.714-10.857v-405.714c-1.714 4-4 7.429-7.429 10.857z"],"width":884.5897142857142,"attrs":[],"isMulticolor":false,"isMulticolor2":false,"tags":["forward"],"defaultCode":61518,"grid":14},"attrs":[],"properties":{"name":"forward","id":78,"order":5,"prevSize":28,"code":61518},"setIdx":0,"setId":2,"iconIdx":78},{"icon":{"paths":["M694.857 548.571v-73.143c0-20-16.571-36.571-36.571-36.571h-146.286v-146.286c0-20-16.571-36.571-36.571-36.571h-73.143c-20 0-36.571 16.571-36.571 36.571v146.286h-146.286c-20 0-36.571 16.571-36.571 36.571v73.143c0 20 16.571 36.571 36.571 36.571h146.286v146.286c0 20 16.571 36.571 36.571 36.571h73.143c20 0 36.571-16.571 36.571-36.571v-146.286h146.286c20 0 36.571-16.571 36.571-36.571zM877.714 512c0 242.286-196.571 438.857-438.857 438.857s-438.857-196.571-438.857-438.857 196.571-438.857 438.857-438.857 438.857 196.571 438.857 438.857z"],"width":877.7142857142857,"attrs":[],"isMulticolor":false,"isMulticolor2":false,"tags":["plus-circle"],"defaultCode":61525,"grid":14},"attrs":[],"properties":{"name":"plus-circle","id":84,"order":16,"prevSize":28,"code":61525},"setIdx":0,"setId":2,